elapsed_time,total_cpu_time,user_time,system_time
72.94104170799255,101.87,101.14,0.7300000000000001
