elapsed_time,total_cpu_time,user_time,system_time
73.1346652507782,101.98,101.25,0.7300000000000004
