elapsed_time,total_cpu_time,user_time,system_time
74.73983216285706,103.56,103.03,0.5299999999999998
