elapsed_time,total_cpu_time,user_time,system_time
73.7566351890564,102.61000000000006,101.94000000000005,0.6700000000000008
