elapsed_time,total_cpu_time,user_time,system_time
74.5462052822113,103.34000000000002,102.80000000000001,0.54
