elapsed_time,total_cpu_time,user_time,system_time
74.74183654785156,103.7,103.12,0.5800000000000001
