elapsed_time,total_cpu_time,user_time,system_time
74.74908924102783,103.64999999999992,102.95999999999992,0.6900000000000004
