elapsed_time,total_cpu_time,user_time,system_time
75.44631004333496,104.34000000000005,103.82000000000005,0.5199999999999996
