elapsed_time,total_cpu_time,user_time,system_time
75.54742980003357,104.63000000000001,104.12,0.5099999999999998
