elapsed_time,total_cpu_time,user_time,system_time
3.4112205505371094,2.0400000000000005,1.9100000000000001,0.13000000000000034
