elapsed_time,total_cpu_time,user_time,system_time
3.510864734649658,2.040000000000001,1.8900000000000006,0.15000000000000013
