elapsed_time,total_cpu_time,user_time,system_time
3.410201072692871,2.0400000000000005,1.8900000000000006,0.1499999999999999
