elapsed_time,total_cpu_time,user_time,system_time
3.4109389781951904,2.09,1.9299999999999997,0.15999999999999992
