elapsed_time,total_cpu_time,user_time,system_time
3.410334825515747,2.0299999999999994,1.8599999999999994,0.16999999999999993
