elapsed_time,total_cpu_time,user_time,system_time
3.411836624145508,1.9800000000000009,1.870000000000001,0.10999999999999988
