elapsed_time,total_cpu_time,user_time,system_time
4.316652297973633,1.9700000000000055,1.8300000000000054,0.14000000000000012
