elapsed_time,total_cpu_time,user_time,system_time
3.411220073699951,2.030000000000002,1.9200000000000017,0.1100000000000001
