elapsed_time,total_cpu_time,user_time,system_time
3.6109702587127686,2.099999999999999,1.9499999999999993,0.1499999999999999
