elapsed_time,total_cpu_time,user_time,system_time
4.513503789901733,2.09,1.9100000000000001,0.17999999999999994
