elapsed_time,total_cpu_time,user_time,system_time
22.07433009147644,28.529999999999998,28.409999999999997,0.1200000000000001
