elapsed_time,total_cpu_time,user_time,system_time
20.877412796020508,27.389999999999997,27.129999999999995,0.26
