elapsed_time,total_cpu_time,user_time,system_time
20.5702702999115,27.02,26.89,0.13000000000000012
