elapsed_time,total_cpu_time,user_time,system_time
20.669276237487793,27.230000000000004,27.000000000000004,0.22999999999999998
