elapsed_time,total_cpu_time,user_time,system_time
21.0750253200531,27.579999999999995,27.349999999999994,0.22999999999999998
