elapsed_time,total_cpu_time,user_time,system_time
21.572617769241333,28.079999999999984,27.829999999999984,0.25
