elapsed_time,total_cpu_time,user_time,system_time
21.572324752807617,28.110000000000028,27.970000000000027,0.14000000000000012
