elapsed_time,total_cpu_time,user_time,system_time
22.07783269882202,28.499999999999986,28.359999999999985,0.14000000000000012
