elapsed_time,total_cpu_time,user_time,system_time
21.67240619659424,28.169999999999998,27.97,0.20000000000000018
