elapsed_time,total_cpu_time,user_time,system_time
20.468159914016724,26.959999999999997,26.669999999999998,0.2899999999999999
