elapsed_time,total_cpu_time,user_time,system_time
13.045352697372437,11.530000000000008,11.490000000000009,0.040000000000000036
