elapsed_time,total_cpu_time,user_time,system_time
13.343607902526855,11.809999999999961,11.729999999999961,0.08000000000000007
