elapsed_time,total_cpu_time,user_time,system_time
13.244973421096802,11.680000000000033,11.650000000000034,0.029999999999999805
