elapsed_time,total_cpu_time,user_time,system_time
14.345908641815186,11.979999999999984,11.829999999999984,0.15000000000000013
