elapsed_time,total_cpu_time,user_time,system_time
13.7422034740448,12.199999999999974,12.089999999999975,0.11000000000000032
