elapsed_time,total_cpu_time,user_time,system_time
13.040818214416504,11.58000000000001,11.550000000000011,0.029999999999999805
