elapsed_time,total_cpu_time,user_time,system_time
13.24183440208435,11.739999999999988,11.699999999999989,0.040000000000000036
