elapsed_time,total_cpu_time,user_time,system_time
13.543287992477417,12.100000000000017,11.980000000000018,0.11999999999999966
