elapsed_time,total_cpu_time,user_time,system_time
13.342156648635864,11.81,11.75,0.06000000000000005
