elapsed_time,total_cpu_time,user_time,system_time
13.242584943771362,11.780000000000008,11.740000000000009,0.040000000000000036
