elapsed_time,total_cpu_time,user_time,system_time
5.917987823486328,1.7699999999999998,1.6999999999999997,0.06999999999999998
