elapsed_time,total_cpu_time,user_time,system_time
4.0176379680633545,1.7900000000000011,1.700000000000001,0.09000000000000008
