elapsed_time,total_cpu_time,user_time,system_time
4.914108514785767,1.7400000000000013,1.6900000000000013,0.050000000000000044
