elapsed_time,total_cpu_time,user_time,system_time
4.913920879364014,1.7399999999999993,1.6999999999999993,0.039999999999999925
