elapsed_time,total_cpu_time,user_time,system_time
4.914252996444702,1.7300000000000006,1.6800000000000006,0.050000000000000044
