elapsed_time,total_cpu_time,user_time,system_time
4.913914442062378,1.6899999999999993,1.6199999999999992,0.07000000000000006
