elapsed_time,total_cpu_time,user_time,system_time
4.914631366729736,1.7199999999999984,1.6599999999999984,0.05999999999999994
