elapsed_time,total_cpu_time,user_time,system_time
13.142028331756592,8.209999999999994,7.849999999999994,0.35999999999999943
