elapsed_time,total_cpu_time,user_time,system_time
13.241833925247192,8.220000000000002,7.780000000000001,0.4400000000000004
