elapsed_time,total_cpu_time,user_time,system_time
13.142499685287476,8.17,7.75,0.41999999999999993
