elapsed_time,total_cpu_time,user_time,system_time
13.140826940536499,8.129999999999999,7.689999999999998,0.4400000000000004
