elapsed_time,total_cpu_time,user_time,system_time
13.14113450050354,8.179999999999996,7.769999999999996,0.41000000000000014
