elapsed_time,total_cpu_time,user_time,system_time
13.241121053695679,8.189999999999996,7.769999999999996,0.41999999999999993
