elapsed_time,total_cpu_time,user_time,system_time
13.84276795387268,8.090000000000002,7.600000000000001,0.48999999999999977
