elapsed_time,total_cpu_time,user_time,system_time
13.140941143035889,8.129999999999999,7.68,0.4500000000000002
