elapsed_time,total_cpu_time,user_time,system_time
13.546582698822021,8.190000000000007,7.720000000000006,0.4700000000000002
