elapsed_time,total_cpu_time,user_time,system_time
13.342201471328735,8.280000000000008,7.88000000000001,0.39999999999999947
