elapsed_time,total_cpu_time,user_time,system_time
4.715604543685913,0.2699999999999998,0.21999999999999975,0.050000000000000044
