elapsed_time,total_cpu_time,user_time,system_time
4.614794731140137,0.2400000000000002,0.20000000000000018,0.040000000000000036
