elapsed_time,total_cpu_time,user_time,system_time
4.717093467712402,0.27,0.20999999999999996,0.06000000000000005
