elapsed_time,total_cpu_time,user_time,system_time
4.6162803173065186,0.22000000000000064,0.1800000000000006,0.040000000000000036
