elapsed_time,total_cpu_time,user_time,system_time
4.614482164382935,0.36000000000000004,0.27,0.09000000000000002
