elapsed_time,total_cpu_time,user_time,system_time
4.916470050811768,0.3299999999999998,0.2599999999999998,0.07
