elapsed_time,total_cpu_time,user_time,system_time
4.715413570404053,0.2599999999999997,0.21999999999999975,0.039999999999999925
