elapsed_time,total_cpu_time,user_time,system_time
4.614530563354492,0.33000000000000007,0.25,0.08000000000000007
