elapsed_time,total_cpu_time,user_time,system_time
4.614658355712891,0.2300000000000001,0.20000000000000018,0.029999999999999916
