elapsed_time,total_cpu_time,user_time,system_time
4.615346670150757,0.24000000000000044,0.1900000000000004,0.050000000000000044
