elapsed_time,total_cpu_time,user_time,system_time
4.313996076583862,2.86,2.75,0.10999999999999999
