elapsed_time,total_cpu_time,user_time,system_time
6.219339609146118,3.0399999999999996,2.8899999999999997,0.14999999999999997
