elapsed_time,total_cpu_time,user_time,system_time
4.515022039413452,3.1399999999999992,3.039999999999999,0.10000000000000009
