elapsed_time,total_cpu_time,user_time,system_time
4.514217376708984,3.1899999999999995,3.119999999999999,0.07000000000000006
