elapsed_time,total_cpu_time,user_time,system_time
4.714339017868042,3.299999999999997,3.229999999999997,0.07000000000000006
