elapsed_time,total_cpu_time,user_time,system_time
4.523473739624023,3.0899999999999985,2.9799999999999986,0.10999999999999999
