elapsed_time,total_cpu_time,user_time,system_time
4.9154276847839355,3.56,3.5,0.06000000000000005
