elapsed_time,total_cpu_time,user_time,system_time
4.817097187042236,3.370000000000001,3.3000000000000007,0.07000000000000006
