elapsed_time,total_cpu_time,user_time,system_time
4.419876337051392,3.02,2.91,0.10999999999999988
