elapsed_time,total_cpu_time,user_time,system_time
5.016323566436768,3.5300000000000016,3.4200000000000017,0.10999999999999988
