Algorithm,avg_similarity,coverage,confidence,diversity
bert,0.359,0.2,0.94778,0.0033437
bow,0.254,0.23,0.93772,0.0049934
fasttext,0.945,0.53,0.99023,9.88e-05
glove,0.981,0.25,0.99787,4.5e-06
lsa,0.425,0.12,0.93325,0.0055086
tf_idf,0.276,0.06,0.95279,0.0027029
