Algorithm,avg_similarity,coverage,confidence,diversity,avg_elapsed_time,avg_ips,avg_memory_usage,avg_cpu_time
bert,0.359,0.2,0.94778,0.0033437,74.456,1655.914,1227.44,103.399
bow,0.254,0.23,0.93772,0.0049934,15.256,2990.393,378.45,0.809
fasttext,0.945,0.53,0.99023,9.88e-05,49.959,932.333,2002.8,44.964
glove,0.981,0.25,0.99787,4.5e-06,14.888,3061.44,420.78,10.314
lsa,0.425,0.12,0.93325,0.0055086,13.248,3420.536,744.64,8.179
tf_idf,0.276,0.06,0.95279,0.0027029,15.206,2974.677,293.49,7.23
