elapsed_time,total_cpu_time,user_time,system_time
51.45666837692261,46.5499999999998,46.2199999999998,0.33000000000000007
