elapsed_time,total_cpu_time,user_time,system_time
50.866870403289795,45.21999999999994,44.809999999999945,0.41000000000000014
