elapsed_time,total_cpu_time,user_time,system_time
51.76180291175842,46.90999999999994,46.569999999999936,0.33999999999999986
