elapsed_time,total_cpu_time,user_time,system_time
50.75786638259888,45.52000000000012,45.12000000000012,0.40000000000000036
