elapsed_time,total_cpu_time,user_time,system_time
48.85435676574707,43.65999999999994,43.319999999999936,0.33999999999999986
