elapsed_time,total_cpu_time,user_time,system_time
48.34812068939209,43.399999999999906,43.09999999999991,0.29999999999999893
