elapsed_time,total_cpu_time,user_time,system_time
50.77855205535889,45.82000000000002,45.48000000000002,0.33999999999999986
