elapsed_time,total_cpu_time,user_time,system_time
48.55291175842285,43.75999999999986,43.399999999999864,0.35999999999999943
