elapsed_time,total_cpu_time,user_time,system_time
48.15731763839722,43.140000000000015,42.98000000000002,0.16000000000000014
