elapsed_time,total_cpu_time,user_time,system_time
50.45512270927429,45.659999999999926,45.32999999999993,0.33000000000000007
