elapsed_time,total_cpu_time,user_time,system_time
15.246321439743042,7.300000000000001,7.140000000000001,0.15999999999999992
