elapsed_time,total_cpu_time,user_time,system_time
15.34775710105896,7.200000000000001,7.030000000000001,0.16999999999999993
