elapsed_time,total_cpu_time,user_time,system_time
15.145704746246338,7.2,7.0,0.19999999999999996
