elapsed_time,total_cpu_time,user_time,system_time
15.24681806564331,7.1899999999999995,7.039999999999999,0.1499999999999999
