elapsed_time,total_cpu_time,user_time,system_time
15.044772386550903,7.130000000000013,6.970000000000013,0.1599999999999997
