elapsed_time,total_cpu_time,user_time,system_time
15.046672582626343,7.209999999999992,7.039999999999992,0.16999999999999993
