elapsed_time,total_cpu_time,user_time,system_time
15.151521444320679,7.23,7.07,0.15999999999999992
