elapsed_time,total_cpu_time,user_time,system_time
15.246251583099365,7.289999999999997,7.139999999999997,0.1499999999999999
