elapsed_time,total_cpu_time,user_time,system_time
15.04558777809143,7.1899999999999995,7.039999999999999,0.15000000000000013
