Algorithm,avg_similarity,coverage,confidence,diversity_variance,diversity_dissimilarity
bert,0.5130000000,9.2900000000,0.9603900000,0.0022251719,0.4866000000
bow,0.2460000000,1.2900000000,0.9775500000,0.0005924999,0.7530000000
e5,0.8400000000,18.2900000000,0.9883000000,0.0001904935,0.1593000000
fasttext,0.9700000000,15.3100000000,0.9976500000,0.0000059949,0.0299000000
glove,0.9950000000,21.5200000000,0.9994600000,0.0000002640,0.0045000000
lsa,0.4080000000,1.2000000000,0.9647300000,0.0014899120,0.5917000000
tf_idf,0.2310000000,0.3400000000,0.9664800000,0.0014116538,0.7684000000
