Algorithm,avg_similarity,coverage,confidence,diversity,avg_elapsed_time,avg_ips,avg_memory_usage,avg_cpu_time
bert,0.349,9.29,0.95391,0.0024588,21.217,1643.456,1141.38,27.757
bow,0.193,1.3,0.97252,0.0007391,3.722,3613.768,202.89,0.275
fasttext,0.939,15.32,0.99032,9.58e-05,13.373,1015.287,1193.43,11.821
glove,0.989,21.52,0.99799,4.1e-06,4.646,3138.467,344.33,3.21
lsa,0.297,1.2,0.95164,0.0027325,3.501,3838.827,424.85,2.041
tf_idf,0.196,0.34,0.96218,0.0016912,3.973,3359.972,193.64,1.729
