elapsed_time,total_cpu_time,user_time,system_time
14.645552158355713,10.179999999999998,9.989999999999998,0.19000000000000006
