elapsed_time,total_cpu_time,user_time,system_time
15.253885984420776,10.51,10.29,0.21999999999999997
