elapsed_time,total_cpu_time,user_time,system_time
14.65108036994934,10.200000000000005,9.980000000000004,0.2200000000000002
