elapsed_time,total_cpu_time,user_time,system_time
14.946426391601562,10.400000000000004,10.160000000000004,0.24
