elapsed_time,total_cpu_time,user_time,system_time
14.9464111328125,10.369999999999992,10.149999999999991,0.2200000000000002
