elapsed_time,total_cpu_time,user_time,system_time
14.848131895065308,10.33,10.11,0.2200000000000002
