elapsed_time,total_cpu_time,user_time,system_time
14.846214294433594,10.329999999999995,10.129999999999995,0.19999999999999996
