elapsed_time,total_cpu_time,user_time,system_time
14.748174667358398,10.160000000000004,9.950000000000003,0.2100000000000004
