elapsed_time,total_cpu_time,user_time,system_time
14.746263027191162,10.239999999999995,9.969999999999995,0.27
