elapsed_time,total_cpu_time,user_time,system_time
100.44135093688965,107.03,106.69,0.33999999999999997
