elapsed_time,total_cpu_time,user_time,system_time
99.94346475601196,106.59999999999997,106.40999999999997,0.18999999999999995
