elapsed_time,total_cpu_time,user_time,system_time
100.44710850715637,106.99000000000008,106.78000000000009,0.20999999999999996
