elapsed_time,total_cpu_time,user_time,system_time
99.83837389945984,106.46,106.25999999999999,0.19999999999999973
