elapsed_time,total_cpu_time,user_time,system_time
100.33981227874756,106.98000000000003,106.72000000000003,0.26000000000000023
