elapsed_time,total_cpu_time,user_time,system_time
100.23927187919617,106.84999999999998,106.63999999999999,0.20999999999999996
