elapsed_time,total_cpu_time,user_time,system_time
99.84087634086609,106.48000000000002,106.30000000000001,0.18000000000000016
