elapsed_time,total_cpu_time,user_time,system_time
100.43825149536133,106.97999999999998,106.76999999999998,0.2100000000000004
