elapsed_time,total_cpu_time,user_time,system_time
15.353983163833618,0.7899999999999987,0.6499999999999986,0.14000000000000012
