elapsed_time,total_cpu_time,user_time,system_time
15.346810817718506,0.9000000000000002,0.7400000000000002,0.16000000000000003
