elapsed_time,total_cpu_time,user_time,system_time
15.144780158996582,0.8000000000000003,0.6400000000000006,0.1599999999999997
