elapsed_time,total_cpu_time,user_time,system_time
15.14707350730896,0.7699999999999996,0.6099999999999994,0.16000000000000014
