elapsed_time,total_cpu_time,user_time,system_time
15.947129011154175,0.8599999999999988,0.6399999999999988,0.21999999999999997
