elapsed_time,total_cpu_time,user_time,system_time
15.157333850860596,0.8199999999999998,0.6600000000000001,0.1599999999999997
