elapsed_time,total_cpu_time,user_time,system_time
15.146461963653564,0.78,0.5800000000000001,0.19999999999999996
