elapsed_time,total_cpu_time,user_time,system_time
15.452428579330444,0.81,0.6600000000000001,0.1499999999999999
