elapsed_time,total_cpu_time,user_time,system_time
15.246567487716675,0.7999999999999989,0.629999999999999,0.16999999999999993
