elapsed_time,total_cpu_time,user_time,system_time
15.145843505859375,0.7600000000000002,0.5800000000000001,0.18000000000000016
