elapsed_time,total_cpu_time,user_time,system_time
451.86943554878235,481.05999999999995,480.29999999999995,0.7599999999999998
