elapsed_time,total_cpu_time,user_time,system_time
451.7045726776123,481.01,479.98,1.0299999999999998
