elapsed_time,total_cpu_time,user_time,system_time
453.6702835559845,483.0399999999998,482.2199999999998,0.8200000000000003
