elapsed_time,total_cpu_time,user_time,system_time
451.2593424320221,480.56000000000006,479.71000000000004,0.8499999999999996
