elapsed_time,total_cpu_time,user_time,system_time
451.4474365711212,480.7099999999999,479.92999999999995,0.7799999999999998
