elapsed_time,total_cpu_time,user_time,system_time
452.9474256038666,482.34,481.53999999999996,0.7999999999999998
