elapsed_time,total_cpu_time,user_time,system_time
455.1316590309143,484.6500000000002,484.0300000000002,0.6199999999999997
