elapsed_time,total_cpu_time,user_time,system_time
453.37602376937866,482.7299999999997,482.1099999999997,0.620000000000001
