elapsed_time,total_cpu_time,user_time,system_time
451.2403802871704,480.6300000000003,479.9300000000003,0.7000000000000002
