elapsed_time,total_cpu_time,user_time,system_time
455.26148223876953,484.8399999999999,484.0999999999999,0.7400000000000002
